game,team,game_time,game_date,snapshot_time,data_source,opening_spread,opening_moneyline,opening_total,opening_odds_time,opening_spread_edge,opening_moneyline_edge,opening_over_edge,opening_under_edge,closing_spread,closing_moneyline,closing_total,closing_spread_edge,closing_moneyline_edge,closing_over_edge,closing_under_edge,spread_kenpom,spread_barttorvik,spread_evanmiya,spread_hasla,win_prob_kenpom,win_prob_barttorvik,win_prob_evanmiya,projected_total_kenpom,projected_total_barttorvik,projected_total_evanmiya,projected_total_hasla,model_spread,model_total,predicted_outcome,spread_cover_probability,moneyline_win_probability,devigged_probability,over_cover_probability,under_cover_probability,spread_consensus_flag,moneyline_consensus_flag,over_consensus_flag,under_consensus_flag
Incarnate Word Cardinals vs. SE Louisiana Lions,SE Louisiana Lions,Dec 30 03:00PM ET,2025-12-30,2025-12-30 15:24:30,game_snapshot,11.5,510.0,130.0,2025-12-30 20:24:28 UTC,-0.0107518103628529,0.0324544626593807,0.0283555188231352,-0.1096859203566765,11.5,510.0,130.0,-0.0107518103628529,0.0324544626593807,0.0283555188231352,-0.1096859203566765,8.0,9.5,7.2,12.5,0.24,0.18,0.241168836779117,142.0,140.0,141.66815233785,140.01,8.75,140.83907616892498,10.5,0.5347027350916924,0.1963888888888889,0.1527777777777777,0.5599714438816833,0.425197800573556,0,1,1,0
Central Michigan Chippewas vs. Ohio Bobcats,Ohio Bobcats,Dec 30 03:00PM ET,2025-12-30,2025-12-30 15:24:30,game_snapshot,-1.5,-130.0,140.5,2025-12-30 20:24:28 UTC,-0.0012105263258735,0.0250887311446318,0.0416070299136018,-0.1113744717740669,-1.5,-130.0,140.5,-0.0012105263258735,0.0250887311446318,0.0416070299136018,-0.1113744717740669,-5.0,-4.0,-4.1,-7.0,0.68,0.65,0.648637644198521,151.0,148.0,153.022912987117,151.75,-4.55,151.375,-2.5,0.5336731946043589,0.5903061224489796,0.5306122448979592,0.5764907508438344,0.4235092491561656,1,1,1,0
Central Michigan Chippewas vs. Ohio Bobcats,Central Michigan Chippewas,Dec 30 03:00PM ET,2025-12-30,2025-12-30 15:24:30,game_snapshot,1.5,-100.0,140.5,2025-12-30 20:24:28 UTC,-0.0749575982740836,-0.0903061224489795,0.0416070299136018,-0.1113744717740669,1.5,-100.0,140.5,-0.0749575982740836,-0.0903061224489795,0.0416070299136018,-0.1113744717740669,5.0,4.0,4.1,7.0,0.32,0.35,0.351362355801479,151.0,148.0,153.022912987117,151.75,4.55,151.375,2.5,0.4663268053956411,0.4096938775510204,0.4693877551020409,0.5764907508438344,0.4235092491561656,1,1,1,0
Incarnate Word Cardinals vs. SE Louisiana Lions,Incarnate Word Cardinals,Dec 30 03:00PM ET,2025-12-30,2025-12-30 15:24:30,game_snapshot,-11.5,-1000.0,130.0,2025-12-30 20:24:28 UTC,-0.0674130154655241,-0.1054797979797981,0.0283555188231352,-0.1096859203566765,-11.5,-1000.0,130.0,-0.0674130154655241,-0.1054797979797981,0.0283555188231352,-0.1096859203566765,-8.0,-9.5,-7.2,-12.5,0.76,0.82,0.758831163220883,142.0,140.0,141.66815233785,140.01,-8.75,140.83907616892498,-10.5,0.4652972649083076,0.803611111111111,0.8472222222222222,0.5599714438816833,0.425197800573556,0,1,1,0
Air Force Falcons vs. Wyoming Cowboys,Air Force Falcons,Dec 30 04:00PM ET,2025-12-30,2025-12-30 16:23:55,game_snapshot,11.0,510.0,145.5,2025-12-29 19:23:42 UTC,-0.0192307692307692,0.0,-0.0515961436547246,0.0085339426977869,15.5,1055.0,133.5,0.0170883159288778,0.0294785997959839,0.0101604800985687,-0.0799279219590338,11.0,10.5,11.9,17.2,0.15,0.15,0.127597219985389,141.0,141.0,141.330798135736,137.9,11.45,141.0,14.0,0.5519720368591103,0.1160603089414112,0.0821206178828224,0.5450442010288012,0.4549557989711987,0,1,1,0
Air Force Falcons vs. Wyoming Cowboys,Wyoming Cowboys,Dec 30 04:00PM ET,2025-12-30,2025-12-30 16:23:55,game_snapshot,-11.0,-750.0,145.5,2025-12-29 19:23:42 UTC,-0.0192307692307692,0.0,-0.0515961436547246,0.0085339426977869,-15.5,-3000.0,133.5,-0.0868557577893429,-0.0838022444252821,0.0101604800985687,-0.0799279219590338,-11.0,-10.5,-11.9,-17.2,0.85,0.85,0.872402780014611,141.0,141.0,141.330798135736,137.9,-11.45,141.0,-14.0,0.4480279631408896,0.8839396910585888,0.9178793821171776,0.5450442010288012,0.4549557989711987,0,1,1,0
Northwestern Wildcats vs. Howard Bison,Northwestern Wildcats,Dec 30 05:01PM ET,2025-12-30,2025-12-30 17:24:07,game_snapshot,-20.0,-4000.0,146.5,2025-12-30 00:43:28 UTC,-0.0192307692307692,0.0,-0.0290540442004721,-0.0140081567564656,-19.0,-6000.0,142.5,-0.0201854124179864,-0.0368211734732564,-0.0123255864410015,-0.0574418554194635,-18.0,-21.7,-19.0,-21.0,0.95,0.95,0.961649674053553,146.0,146.0,146.190488220416,142.55,-20.0,146.0,-19.5,0.5168516246190507,0.9467853839037929,0.9435707678075856,0.5225581344892309,0.477441865510769,0,1,1,0
Northwestern Wildcats vs. Howard Bison,Howard Bison,Dec 30 05:01PM ET,2025-12-30,2025-12-30 17:24:07,game_snapshot,20.0,1500.0,146.5,2025-12-30 00:43:28 UTC,-0.0192307692307692,0.0,-0.0290540442004721,-0.0140081567564656,19.0,1600.0,142.5,-0.0517353455492832,-0.0056089133155574,-0.0123255864410015,-0.0574418554194635,18.0,21.7,19.0,21.0,0.05,0.05,0.0383503259464469,146.0,146.0,146.190488220416,142.55,20.0,146.0,19.5,0.4831483753809493,0.0532146160962072,0.0564292321924144,0.5225581344892309,0.477441865510769,0,1,1,0
South Carolina Gamecocks vs. Albany Great Danes,South Carolina Gamecocks,Dec 30 06:01PM ET,2025-12-30,2025-12-30 18:23:44,game_snapshot,-20.0,-4000.0,147.5,2025-12-30 00:43:28 UTC,-0.0352649963279876,0.0,-0.0365743130400477,-0.0064878879168899,-20.5,-7883.0,150.5,-0.06692628414133,-0.0384411363719984,-0.0594768078821381,0.0006532784703734,-18.0,-19.0,-17.9,-18.4,0.95,0.93,0.956879588078866,148.0,145.0,145.59167326146,142.61,-18.2,145.29583663072998,-19.5,0.4679574367889025,0.9490326110027392,0.9480652220054782,0.4699349568237442,0.5300650431762558,1,0,0,1
South Carolina Gamecocks vs. Albany Great Danes,Albany Great Danes,Dec 30 06:01PM ET,2025-12-30,2025-12-30 18:23:44,game_snapshot,20.0,1500.0,147.5,2025-12-30 00:43:28 UTC,-0.0031965421335508,0.0,-0.0365743130400477,-0.0064878879168899,20.5,1749.0,150.5,-0.002841157719135,-0.003126178254201,-0.0594768078821381,0.0006532784703734,18.0,19.0,17.9,18.4,0.05,0.0699999999999999,0.0431204119211342,148.0,145.0,145.59167326146,142.61,18.2,145.29583663072998,19.5,0.5320425632110974,0.0509673889972609,0.0519347779945218,0.4699349568237442,0.5300650431762558,1,0,0,1
The Citadel Bulldogs vs. East Tennessee St Buccaneers,East Tennessee St Buccaneers,Dec 30 06:02PM ET,2025-12-30,2025-12-30 18:23:44,game_snapshot,-12.0,-1000.0,147.5,2025-12-29 19:23:42 UTC,-0.0352649963279876,0.0,-0.0440892349676998,0.001027034010762,-11.5,-1000.0,134.0,-0.0454545454545454,-0.0615556978233036,0.0261719100821494,-0.1096859203566765,-13.0,-10.8,-10.4,-15.8,0.89,0.85,0.841880061768947,149.0,146.0,144.311682002337,144.57999999999998,-11.9,145.29,-11.5,0.5,0.8475352112676056,0.8450704225352113,0.5599714438816833,0.425197800573556,0,0,1,0
The Citadel Bulldogs vs. East Tennessee St Buccaneers,The Citadel Bulldogs,Dec 30 06:02PM ET,2025-12-30,2025-12-30 18:23:44,game_snapshot,12.0,650.0,147.5,2025-12-29 19:23:42 UTC,-0.0031965421335508,0.0,-0.0440892349676998,0.001027034010762,11.5,500.0,134.0,-0.0294117647058823,-0.0142018779342723,0.0261719100821494,-0.1096859203566765,13.0,10.8,10.4,15.8,0.11,0.15,0.158119938231053,149.0,146.0,144.311682002337,144.57999999999998,11.9,145.29,11.5,0.5,0.1524647887323943,0.1549295774647887,0.5599714438816833,0.425197800573556,0,0,1,0
Toledo Rockets vs. Western Michigan Broncos,Western Michigan Broncos,Dec 30 06:30PM ET,2025-12-30,2025-12-30 18:49:09,game_snapshot,11.0,500.0,162.0,2025-12-29 19:23:42 UTC,-0.0192307692307692,0.0,-0.0365756504812615,-0.021529763037255,10.5,461.0,157.5,-0.0238095238095238,-0.0053843673465593,-0.0012513893202928,-0.0519698991951133,9.0,11.6,10.0,13.7,0.21,0.17,0.176985446214135,163.0,165.0,160.689137828163,160.74,10.8,161.87,10.5,0.5,0.1728687520830306,0.1687520579519262,0.5225581344892309,0.477441865510769,0,1,1,0
Toledo Rockets vs. Western Michigan Broncos,Toledo Rockets,Dec 30 06:30PM ET,2025-12-30,2025-12-30 18:49:09,game_snapshot,-11.0,-750.0,162.0,2025-12-29 19:23:42 UTC,-0.0192307692307692,0.0,-0.0365756504812615,-0.021529763037255,-10.5,-720.0,157.5,-0.0348837209302325,-0.0509175325708355,-0.0012513893202928,-0.0519698991951133,-9.0,-11.6,-10.0,-13.7,0.79,0.83,0.823014553785865,163.0,165.0,160.689137828163,160.74,-10.8,161.87,-10.5,0.5,0.8271312479169693,0.8312479420480737,0.5225581344892309,0.477441865510769,0,1,1,0
North Carolina Tar Heels vs. Florida St Seminoles,North Carolina Tar Heels,Dec 30 07:01PM ET,2025-12-30,2025-12-30 19:44:12,game_snapshot,-16.5,-2000.0,159.5,2025-12-29 17:04:53 UTC,0.0082330394015736,0.0,-0.0313324675315271,-0.0162865800875205,-15.5,-3734.0,161.0,0.0131155217815734,-0.0375629979032759,-0.0574445288754252,-0.0273581037522674,-15.0,,-20.4,-19.2,0.92,,0.966956480940098,159.0,,158.933297467053,153.47,-19.2,158.933297467053,-17.0,0.547999242711806,0.9363529912566156,0.9292277420431824,0.4774391920548072,0.5075256171779651,0,0,0,0
North Carolina Tar Heels vs. Florida St Seminoles,Florida St Seminoles,Dec 30 07:01PM ET,2025-12-30,2025-12-30 19:44:12,game_snapshot,16.5,1100.0,159.5,2025-12-29 17:04:53 UTC,-0.0558520870206213,0.0,-0.0313324675315271,-0.0162865800875205,15.5,1248.0,161.0,-0.0828829636420385,-0.0105288154324397,-0.0574445288754252,-0.0273581037522674,15.0,,20.4,19.2,0.08,,0.0330435190599022,159.0,,158.933297467053,153.47,19.2,158.933297467053,17.0,0.452000757288194,0.0636470087433844,0.0707722579568177,0.4774391920548072,0.5075256171779651,0,0,0,0
Charlotte 49ers vs. Temple Owls,Temple Owls,Dec 30 07:02PM ET,2025-12-30,2025-12-30 19:44:12,game_snapshot,0.0,-105.0,143.0,2025-12-29 19:23:42 UTC,-0.0641896265292415,0.0,-0.0067054279210154,-0.0557020178126083,-5.5,-280.0,139.0,-0.1327770643387742,-0.1735278788031357,0.0039619413797596,-0.0891816345978844,1.0,,2.4,3.7,0.45,,0.405475606315524,147.0,,145.721532570474,147.18,2.4,147.0,-2.5,0.3999332160350575,0.5633142264600222,0.6988906497622822,0.5388456623099922,0.4457020863323481,0,0,0,0
Miami Hurricanes vs. Pittsburgh Panthers,Miami Hurricanes,Dec 30 07:02PM ET,2025-12-30,2025-12-30 19:44:12,game_snapshot,-11.5,-750.0,148.5,2025-12-29 17:04:53 UTC,-0.0398437509067422,0.0,-0.0238095238095238,-0.0238095238095238,1.5,-100.0,147.5,0.1063745256716558,0.1567981367930664,-0.0348837209302325,-0.0348837209302325,-10.0,,-12.8,-9.1,0.8,,0.888417036968184,148.0,,148.408489350485,146.31,-10.0,148.0,-3.0,0.6412582466018883,0.6567981367930664,0.4693877551020409,0.5,0.5,0,0,0,0
Miami Hurricanes vs. Pittsburgh Panthers,Pittsburgh Panthers,Dec 30 07:02PM ET,2025-12-30,2025-12-30 19:44:12,game_snapshot,11.5,500.0,148.5,2025-12-29 17:04:53 UTC,-0.0077752967123053,0.0,-0.0238095238095238,-0.0238095238095238,-1.5,-130.0,147.5,-0.1825426502716131,-0.2220155280974142,-0.0348837209302325,-0.0348837209302325,10.0,,12.8,9.1,0.2,,0.111582963031816,148.0,,148.408489350485,146.31,10.0,148.0,3.0,0.3587417533981116,0.3432018632069336,0.5306122448979592,0.5,0.5,0,0,0,0
Charlotte 49ers vs. Temple Owls,Charlotte 49ers,Dec 30 07:02PM ET,2025-12-30,2025-12-30 19:44:12,game_snapshot,0.0,-115.0,143.0,2025-12-29 19:23:42 UTC,0.0262840320427825,0.0,-0.0067054279210154,-0.0557020178126083,5.5,215.0,139.0,0.06518306303471,0.1192254560796605,0.0039619413797596,-0.0891816345978844,-1.0,,-2.4,-3.7,0.55,,0.594524393684476,147.0,,145.721532570474,147.18,-2.4,147.0,2.5,0.6000667839649425,0.4366857735399779,0.3011093502377179,0.5388456623099922,0.4457020863323481,0,0,0,0
Davidson Wildcats vs. Duquesne Dukes,Davidson Wildcats,Dec 30 07:03PM ET,2025-12-30,2025-12-30 19:44:12,game_snapshot,-2.5,-150.0,152.0,2025-12-29 19:23:42 UTC,-0.0031965421335508,0.0,-0.0215291363876175,-0.0386312790045451,-6.0,-299.0,142.5,-0.0685569155345914,-0.0853672669796841,0.0271021752515777,-0.0968696171120427,-4.0,,-3.7,-5.1,0.61,,0.634601628657906,154.0,,152.083415901891,152.95,-4.0,152.95,-5.0,0.4663268053956411,0.6640045923167983,0.7057083703046436,0.5619858961818103,0.4380141038181897,0,0,0,0
Davidson Wildcats vs. Duquesne Dukes,Duquesne Dukes,Dec 30 07:03PM ET,2025-12-30,2025-12-30 19:44:12,game_snapshot,2.5,125.0,152.0,2025-12-29 19:23:42 UTC,-0.0352649963279876,0.0,-0.0215291363876175,-0.0386312790045451,6.0,220.0,142.5,-0.0065566904531123,0.0234954076832016,0.0271021752515777,-0.0968696171120427,4.0,,3.7,5.1,0.39,,0.365398371342094,154.0,,152.083415901891,152.95,4.0,152.95,5.0,0.5336731946043589,0.3359954076832017,0.2942916296953564,0.5619858961818103,0.4380141038181897,0,0,0,0
Bowling Green Falcons vs. Miami (OH) RedHawks,Bowling Green Falcons,Dec 30 07:05PM ET,2025-12-30,2025-12-30 19:44:12,game_snapshot,-4.0,-186.0,153.0,2025-12-29 19:23:42 UTC,-0.0512733324418667,0.0,-0.0327088015683665,-0.0253608146681422,18.5,1200.0,159.0,0.2007962052175738,0.261135424460456,-0.0777965014053487,-0.0068482947012481,-4.0,,-2.1,-0.7,0.63,,0.574965596983063,154.0,,154.056460934953,149.42,-2.1,154.0,10.5,0.7399667121300162,0.338058501383533,0.0736342042755344,0.4624333836521225,0.5225634700046342,0,0,0,0
Bowling Green Falcons vs. Miami (OH) RedHawks,Miami (OH) RedHawks,Dec 30 07:05PM ET,2025-12-30,2025-12-30 19:44:12,game_snapshot,4.0,154.0,153.0,2025-12-29 19:23:42 UTC,0.0128117939803281,0.0,-0.0327088015683665,-0.0253608146681422,-18.5,-3000.0,159.0,-0.2748504330602487,-0.3058004368674039,-0.0777965014053487,-0.0068482947012481,4.0,,2.1,0.7,0.37,,0.425034403016937,154.0,,154.056460934953,149.42,2.1,154.0,-10.5,0.2600332878699838,0.6619414986164671,0.9263657957244656,0.4624333836521225,0.5225634700046342,0,0,0,0
Wisconsin Badgers vs. Milwaukee Panthers,Milwaukee Panthers,Dec 30 07:05PM ET,2025-12-30,2025-12-30 19:44:12,game_snapshot,20.5,2000.0,155.0,2025-12-29 19:23:42 UTC,-0.0073891625615764,0.0,-0.0140054833005037,-0.0440919084236615,25.5,3300.0,140.0,0.0814146706362604,0.0128955166789273,0.0634665117055843,-0.147512374680602,19.0,,15.7,17.3,0.04,,0.0715313249108471,161.0,,155.754450199451,153.35000000000002,17.3,155.754450199451,22.0,0.6162983915664929,0.0423072813848097,0.0288489003141959,0.5895328624164848,0.3958666207531879,0,0,0,0
Wisconsin Badgers vs. Milwaukee Panthers,Wisconsin Badgers,Dec 30 07:05PM ET,2025-12-30,2025-12-30 19:44:12,game_snapshot,-20.5,-7467.0,155.0,2025-12-29 19:23:42 UTC,-0.0305164319248826,0.0,-0.0140054833005037,-0.0440919084236615,-25.5,-10000.0,140.0,-0.1511821124967254,-0.0324062912857997,0.0634665117055843,-0.147512374680602,-19.0,,-15.7,-17.3,0.96,,0.928468675089153,161.0,,155.754450199451,153.35000000000002,-17.3,155.754450199451,-22.0,0.3837016084335071,0.9576927186151905,0.9711510996858042,0.5895328624164848,0.3958666207531879,0,0,0,0
Marquette Golden Eagles vs. Seton Hall Pirates,Seton Hall Pirates,Dec 30 07:07PM ET,2025-12-30,2025-12-30 19:44:12,game_snapshot,-3.5,-162.0,141.5,2025-12-29 17:04:53 UTC,-0.0069578991904731,-0.0114054336236848,-0.0238095238095238,-0.0238095238095238,1.5,115.0,151.5,0.0289950287353235,0.0509145289242012,-0.1113744717740669,0.0416070299136018,-4.0,,-1.2,-7.2,0.64,,0.544015463677716,140.0,,141.634707302481,138.92000000000002,-4.0,140.0,-0.5,0.5638787496655561,0.5160308079939687,0.4400538841490795,0.4235092491561656,0.5764907508438344,0,0,0,0
Marquette Golden Eagles vs. Seton Hall Pirates,Marquette Golden Eagles,Dec 30 07:07PM ET,2025-12-30,2025-12-30 19:44:12,game_snapshot,3.5,136.0,141.5,2025-12-29 17:04:53 UTC,-0.0406611484285745,-0.0306439906226602,-0.0238095238095238,-0.0238095238095238,-1.5,-145.0,151.5,-0.0987624705957886,-0.1078675426878462,-0.1113744717740669,0.0416070299136018,4.0,,1.2,7.2,0.36,,0.455984536322284,140.0,,141.634707302481,138.92000000000002,4.0,140.0,0.5,0.4361212503344439,0.4839691920060313,0.5599461158509206,0.4235092491561656,0.5764907508438344,0,0,0,0
Tennessee Volunteers vs. South Carolina St Bulldogs,Tennessee Volunteers,Dec 30 08:01PM ET,2025-12-30,2025-12-30 20:55:07,game_snapshot,-46.0,-10000.0,147.5,2025-12-30 00:43:28 UTC,-0.0831095188963254,0.0,-0.0140081567564656,-0.0290540442004721,-36.5,-10000.0,144.0,-0.0012105263258735,-0.0046465127668684,-0.01983650174834,-0.064952770726802,-38.0,,-39.3,-45.5,0.9997,,0.999807789164878,148.0,,148.984521805557,145.98000000000002,-39.3,148.0,-37.5,0.5336731946043589,0.9854524971341216,0.9711510996858042,0.5150472191818924,0.4699309502034305,0,0,0,0
Tennessee Volunteers vs. South Carolina St Bulldogs,South Carolina St Bulldogs,Dec 30 08:01PM ET,2025-12-30,2025-12-30 20:55:07,game_snapshot,46.0,3300.0,147.5,2025-12-30 00:43:28 UTC,0.0446479804347867,0.0,-0.0140081567564656,-0.0290540442004721,36.5,3300.0,144.0,-0.0685569155345914,-0.0148642618400039,-0.01983650174834,-0.064952770726802,38.0,,39.3,45.5,0.0003,,0.0001922108351218,148.0,,148.984521805557,145.98000000000002,39.3,148.0,37.5,0.4663268053956411,0.0145475028658784,0.0288489003141959,0.5150472191818924,0.4699309502034305,0,0,0,0
Eastern Michigan Eagles vs. Massachusetts Minutemen,Massachusetts Minutemen,Dec 30 08:10PM ET,2025-12-30,2025-12-30 20:55:07,game_snapshot,-1.5,-125.0,149.5,2025-12-29 19:34:46 UTC,-0.0352649963279876,0.0,-0.055696136359325,0.0126339354023873,-2.5,-179.0,157.5,-0.0815921127606471,-0.09399109169641,-0.1197505496780395,0.0554550640419245,1.0,,-0.5,0.1,0.47,,0.519669511828982,145.0,,147.711242157867,140.46,0.1,145.0,-1.5,0.4679574367889025,0.5481343884572392,0.6014340209999872,0.415133171252193,0.5848668287478069,0,0,0,0
Eastern Michigan Eagles vs. Massachusetts Minutemen,Eastern Michigan Eagles,Dec 30 08:10PM ET,2025-12-30,2025-12-30 20:55:07,game_snapshot,1.5,105.0,149.5,2025-12-29 19:34:46 UTC,-0.0031965421335508,0.0,-0.055696136359325,0.0126339354023873,2.5,135.0,157.5,-0.002841157719135,0.0263336966491438,-0.1197505496780395,0.0554550640419245,-1.0,,0.5,-0.1,0.53,,0.480330488171018,145.0,,147.711242157867,140.46,-0.1,145.0,1.5,0.5320425632110974,0.4518656115427608,0.3985659790000127,0.415133171252193,0.5848668287478069,0,0,0,0
Tennessee Tech Golden Eagles vs. Tennessee St Tigers,Tennessee St Tigers,Dec 30 09:00PM ET,2025-12-30,2025-12-30 21:38:07,game_snapshot,2.0,125.0,152.0,2025-12-29 19:34:46 UTC,-0.0352649963279876,0.0,-0.0129761036946738,-0.047172532565124,-7.5,-375.0,163.5,-0.1674146358070546,-0.2012610342597434,-0.1000921317476301,0.0381763723722864,1.0,,2.7,3.4,0.47,,0.403398545008611,153.0,,154.920081656712,152.5,2.7,153.0,-3.5,0.3738697678626701,0.5882126499507829,0.7397260273972602,0.4380141038181897,0.5619858961818103,0,0,0,0
Tennessee Tech Golden Eagles vs. Tennessee St Tigers,Tennessee Tech Golden Eagles,Dec 30 09:00PM ET,2025-12-30,2025-12-30 21:38:07,game_snapshot,-2.0,-150.0,152.0,2025-12-29 19:34:46 UTC,-0.0031965421335508,0.0,-0.0129761036946738,-0.047172532565124,7.5,260.0,163.5,0.102320708327806,0.1340095722714392,-0.1000921317476301,0.0381763723722864,-1.0,,-2.7,-3.4,0.53,,0.596601454991389,153.0,,154.920081656712,152.5,-2.7,153.0,3.5,0.6261302321373299,0.411787350049217,0.2602739726027397,0.4380141038181897,0.5619858961818103,0,0,0,0
Pepperdine Waves vs. Saint Mary's Gaels,Saint Mary's Gaels,Dec 30 09:03PM ET,2025-12-30,2025-12-30 21:38:07,game_snapshot,-18.5,-4000.0,141.0,2025-12-29 19:34:46 UTC,-0.0696655852633924,0.0,-0.0440919084236616,-0.0140054833005037,-20.5,-16711.0,132.5,-0.1186929306882935,-0.0514229019922184,0.0048143159713299,-0.0688537248383251,-16.0,,-14.2,-17.0,0.92,,0.915001522137907,140.0,,138.838804121121,141.81,-16.0,140.0,-18.5,0.4308566188612561,0.9426285989662606,0.9677564368635678,0.5450442010288012,0.4549557989711987,0,0,0,0
Pepperdine Waves vs. Saint Mary's Gaels,Pepperdine Waves,Dec 30 09:03PM ET,2025-12-30,2025-12-30 21:38:07,game_snapshot,18.5,1400.0,141.0,2025-12-29 19:34:46 UTC,0.0312040468018538,0.0,-0.0440919084236616,-0.0140054833005037,20.5,2919.0,132.5,0.0569482591875243,0.0242517429140811,0.0048143159713299,-0.0688537248383251,16.0,,14.2,17.0,0.08,,0.0849984778620927,140.0,,138.838804121121,141.81,16.0,140.0,18.5,0.5691433811387439,0.0573714010337392,0.0322435631364321,0.5450442010288012,0.4549557989711987,0,0,0,0
Fresno St Bulldogs vs. Utah State Aggies,Fresno St Bulldogs,Dec 30 09:04PM ET,2025-12-30,2025-12-30 21:38:07,game_snapshot,14.5,1050.0,152.0,2025-12-29 19:34:46 UTC,0.0241897189022821,0.0,-0.0463703317547166,-0.0162839066315587,16.5,1074.0,143.5,0.0155510951023906,0.0257191804724776,0.0156324363229188,-0.0799279219590338,13.0,,10.6,12.5,0.12,,0.161720293943036,151.0,,151.996056752175,145.14,12.5,151.0,15.0,0.5504348160326231,0.1108641080087095,0.080868069045901,0.5450442010288012,0.4549557989711987,0,0,0,0
Fresno St Bulldogs vs. Utah State Aggies,Utah State Aggies,Dec 30 09:04PM ET,2025-12-30,2025-12-30 21:38:07,game_snapshot,-14.5,-1800.0,152.0,2025-12-29 19:34:46 UTC,-0.0718087665213298,0.0,-0.0463703317547166,-0.0162839066315587,-16.5,-3000.0,143.5,-0.0853185369628556,-0.0786060434925806,0.0156324363229188,-0.0799279219590338,-13.0,,-10.6,-12.5,0.88,,0.838279706056964,151.0,,151.996056752175,145.14,-12.5,151.0,-15.0,0.4495651839673769,0.8891358919912904,0.9191319309540988,0.5450442010288012,0.4549557989711987,0,0,0,0
Colorado St Rams vs. Nevada Wolf Pack,Colorado St Rams,Dec 30 09:05PM ET,2025-12-30,2025-12-30 21:38:07,game_snapshot,-5.0,-225.0,147.0,2025-12-29 19:34:46 UTC,-0.0512733324418667,0.0,-0.0293102864309588,-0.0293102864309588,-1.5,-125.0,140.5,-0.0180320963111818,0.0214906158518322,0.0077931855462377,-0.066486430285994,-5.0,,-3.2,-3.0,0.64,,0.622870576463743,149.0,,146.517274706601,147.18,-3.2,147.18,-2.0,0.5168516246190507,0.5770461714073878,0.5226570545829042,0.5426769064764703,0.4573230935235298,0,0,0,0
Colorado St Rams vs. Nevada Wolf Pack,Nevada Wolf Pack,Dec 30 09:05PM ET,2025-12-30,2025-12-30 21:38:07,game_snapshot,5.0,185.0,147.0,2025-12-29 19:34:46 UTC,0.0128117939803281,0.0,-0.0293102864309588,-0.0293102864309588,1.5,-103.0,140.5,-0.0517353455492832,-0.0844353339689642,0.0077931855462377,-0.066486430285994,5.0,,3.2,3.0,0.36,,0.377129423536257,149.0,,146.517274706601,147.18,3.2,147.18,2.0,0.4831483753809493,0.4229538285926121,0.4773429454170958,0.5426769064764703,0.4573230935235298,0,0,0,0
California Golden Bears vs. Louisville Cardinals,California Golden Bears,Dec 30 09:06PM ET,2025-12-30,2025-12-30 21:38:07,game_snapshot,5.5,185.0,158.5,2025-12-29 17:04:53 UTC,-0.0238095238095238,0.0,-0.0393649381035735,-0.0082541095154741,19.5,1200.0,158.5,0.1470288746165922,0.1180622651877168,-0.0499269334918114,-0.0143685521443034,6.0,,4.4,9.2,0.29,,0.344434949042319,160.0,,156.263062372636,155.2,6.0,156.263062372636,14.0,0.670838398426116,0.1949853421107937,0.0727532097004279,0.4849567874384211,0.5150432125615789,0,0,0,0
California Golden Bears vs. Louisville Cardinals,Louisville Cardinals,Dec 30 09:06PM ET,2025-12-30,2025-12-30 21:38:07,game_snapshot,-5.5,-225.0,158.5,2025-12-29 17:04:53 UTC,-0.0238095238095238,0.0,-0.0393649381035735,-0.0082541095154741,-19.5,-5000.0,158.5,-0.2013548303509987,-0.1753774989735388,-0.0499269334918114,-0.0143685521443034,-6.0,,-4.4,-9.2,0.71,,0.655565050957681,160.0,,156.263062372636,155.2,-6.0,156.263062372636,-14.0,0.3291616015738839,0.8050146578892062,0.927246790299572,0.4849567874384211,0.5150432125615789,0,0,0,0
Nebraska Cornhuskers vs. New Hampshire Wildcats,Nebraska Cornhuskers,Dec 30 09:07PM ET,2025-12-30,2025-12-30 21:38:07,game_snapshot,-30.5,-10000.0,144.5,2025-12-30 00:43:28 UTC,-0.0260663507109004,0.0,-0.0215311004784688,-0.0215311004784688,-19.5,-7883.0,154.0,0.102320708327806,-0.0140279105179739,-0.1022811229277207,0.0176380309128507,-29.0,,-25.5,-34.1,0.996,,0.990595688459665,145.0,,144.514867607641,138.54,-29.0,144.514867607641,-23.5,0.6261302321373299,0.9734458368567636,0.9535938294836946,0.4326025980025118,0.5525217518430833,0,0,0,0
Nebraska Cornhuskers vs. New Hampshire Wildcats,New Hampshire Wildcats,Dec 30 09:07PM ET,2025-12-30,2025-12-30 21:38:07,game_snapshot,30.5,3300.0,144.5,2025-12-30 00:43:28 UTC,-0.0121951219512195,0.0,-0.0215311004784688,-0.0215311004784688,19.5,1981.0,154.0,-0.1610139530675624,-0.0215007567652303,-0.1022811229277207,0.0176380309128507,29.0,,25.5,34.1,0.004,,0.0094043115403351,145.0,,144.514867607641,138.54,29.0,144.514867607641,23.5,0.3738697678626701,0.0265541631432364,0.0464061705163053,0.4326025980025118,0.5525217518430833,0,0,0,0
Stanford Cardinal vs. Notre Dame Fighting Irish,Notre Dame Fighting Irish,Dec 30 09:07PM ET,2025-12-30,2025-12-30 21:38:07,game_snapshot,3.5,141.0,149.5,2025-12-29 17:04:53 UTC,-0.0398437509067422,-0.0455560628261716,-0.0238095238095238,-0.0238095238095238,2.5,120.0,129.5,-0.0522515390041948,-0.0421300392477578,0.0993080132190923,-0.1690754550795574,1.0,,4.1,3.3,0.44,,0.347592695673545,149.0,,147.730773327448,149.45,3.3,149.0,3.0,0.4826321819260377,0.4124154152976966,0.4310344827586207,0.6341917341493248,0.3658082658506751,0,0,0,0
Stanford Cardinal vs. Notre Dame Fighting Irish,Stanford Cardinal,Dec 30 09:07PM ET,2025-12-30,2025-12-30 21:38:07,game_snapshot,-3.5,-170.0,149.5,2025-12-29 17:04:53 UTC,-0.0077752967123053,0.0009815296152747,-0.0238095238095238,-0.0238095238095238,-2.5,-150.0,129.5,-0.0175159028562702,-0.0124154152976966,0.0993080132190923,-0.1690754550795574,-1.0,,-4.1,-3.3,0.56,,0.652407304326455,149.0,,147.730773327448,149.45,-3.3,149.0,-3.0,0.5173678180739623,0.5875845847023033,0.5689655172413793,0.6341917341493248,0.3658082658506751,0,0,0,0
Creighton Bluejays vs. Butler Bulldogs,Creighton Bluejays,Dec 30 09:12PM ET,2025-12-30,2025-12-30 21:38:07,game_snapshot,-4.5,-192.0,152.5,2025-12-29 17:24:04 UTC,-0.0398437509067422,-0.0026868270277152,-0.0238095238095238,-0.0238095238095238,-9.5,-650.0,161.0,-0.0987624705957886,-0.1170770693027689,-0.0902980405718266,0.0127825117868517,-4.0,,-6.2,-2.8,0.64,,0.721554515363581,152.0,,151.91888416412,152.68,-4.0,152.0,-7.5,0.4361212503344439,0.7495895973638977,0.8184019370460048,0.4380038462206262,0.5465820455863856,0,0,0,0
Creighton Bluejays vs. Butler Bulldogs,Butler Bulldogs,Dec 30 09:12PM ET,2025-12-30,2025-12-30 21:38:07,game_snapshot,4.5,160.0,152.5,2025-12-29 17:24:04 UTC,-0.0077752967123053,-0.0394628041630116,-0.0238095238095238,-0.0238095238095238,9.5,420.0,161.0,0.0289950287353235,0.0581027103284099,-0.0902980405718266,0.0127825117868517,4.0,,6.2,2.8,0.36,,0.278445484636419,152.0,,151.91888416412,152.68,4.0,152.0,7.5,0.5638787496655561,0.2504104026361023,0.1815980629539951,0.4380038462206262,0.5465820455863856,0,0,0,0
