date,game,team,home_team,away_team,home_score,away_score,game_completed,opening_spread,predicted_outcome,spread_cover_probability,spread_covered,spread_edge,spread_edge_realized,market_total,actual_total,over_cover_probability,under_cover_probability,over_hit,under_hit,over_edge,under_edge,over_edge_realized,under_edge_realized,opening_moneyline,moneyline_win_probability,moneyline_won,moneyline_edge,moneyline_edge_realized,spread_consensus_flag,moneyline_consensus_flag,over_consensus_flag,under_consensus_flag
2025-11-13,Alabama Crimson Tide vs. Purdue Boilermakers,Alabama Crimson Tide,Purdue Boilermakers,Alabama Crimson Tide,87,80,True,-4.0,-3.5,0.4839657729027816,0,-0.0398437509067422,-0.4839657729027816,175.5,167,0.4457109003171203,0.5542890996828796,0,1,-0.0780986234924035,0.0304795758733558,-0.4457109003171203,0.44571090031712035,-185.0,0.5901003380920444,0,-0.0590224689254994,-0.5901003380920444,0,1,0,1
2025-11-13,Alabama Crimson Tide vs. Purdue Boilermakers,Purdue Boilermakers,Purdue Boilermakers,Alabama Crimson Tide,87,80,True,4.0,3.5,0.5160342270972185,1,-0.0077752967123053,0.48396577290278153,175.5,167,0.4457109003171203,0.5542890996828796,0,1,-0.0780986234924035,0.0304795758733558,-0.4457109003171203,0.44571090031712035,154.0,0.4098996619079557,1,0.0161988745063808,0.5901003380920443,0,1,0,1
2025-11-14,UCLA Bruins vs. Arizona Wildcats,UCLA Bruins,Arizona Wildcats,UCLA Bruins,69,65,True,3.5,3.0,0.5160342270972185,0,-0.0111525341320959,-0.5160342270972185,154.5,134,0.49222081404751,0.5077791859524899,0,1,-0.0315887097620138,-0.0160303378570338,-0.49222081404751,0.49222081404751006,140.0,0.4128885202992931,0,-0.0037781463673736,-0.4128885202992931,0,1,0,0
2025-11-14,UCLA Bruins vs. Arizona Wildcats,Arizona Wildcats,Arizona Wildcats,UCLA Bruins,69,65,True,-3.5,-3.0,0.4839657729027816,1,-0.0398437509067422,0.5160342270972185,154.5,134,0.49222081404751,0.5077791859524899,0,1,-0.0315887097620138,-0.0160303378570338,-0.49222081404751,0.49222081404751006,-173.0,0.5871114797007069,1,-0.0463471669158346,0.4128885202992931,0,1,0,0
2025-11-14,TCU Horned Frogs vs. Michigan Wolverines,TCU Horned Frogs,Michigan Wolverines,TCU Horned Frogs,67,63,True,9.0,8.0,0.5320425632110974,1,0.0082330394015736,0.46795743678890256,157.5,130,0.49222081404751,0.5077791859524899,0,1,-0.0315887097620138,-0.0160303378570338,-0.49222081404751,0.49222081404751006,319.0,0.2493375680580762,0,0.0107012044217125,-0.2493375680580762,1,1,0,0
2025-11-14,TCU Horned Frogs vs. Michigan Wolverines,Michigan Wolverines,Michigan Wolverines,TCU Horned Frogs,67,63,True,-9.0,-8.0,0.4679574367889025,0,-0.0558520870206213,-0.4679574367889025,157.5,130,0.49222081404751,0.5077791859524899,0,1,-0.0315887097620138,-0.0160303378570338,-0.49222081404751,0.49222081404751006,-413.0,0.7506624319419237,1,-0.0542618104823188,0.24933756805807628,1,1,0,0
2025-11-14,Kentucky Wildcats vs. Eastern Illinois Panthers,Eastern Illinois Panthers,Eastern Illinois Panthers,Kentucky Wildcats,53,99,True,39.0,36.0,0.5953061616817894,0,0.0714966378722655,-0.5953061616817894,150.0,152,0.4849554499972073,0.5000013374412138,1,0,-0.0411109007136931,-0.02380818636831,0.5150445500027927,-0.5000013374412138,,,0,0.0,,1,1,0,0
2025-11-14,Kentucky Wildcats vs. Eastern Illinois Panthers,Kentucky Wildcats,Eastern Illinois Panthers,Kentucky Wildcats,53,99,True,-39.0,-36.0,0.4046938383182106,1,-0.1191156854913132,0.5953061616817894,150.0,152,0.4849554499972073,0.5000013374412138,1,0,-0.0411109007136931,-0.02380818636831,0.5150445500027927,-0.5000013374412138,,,1,0.0,,1,1,0,0
2025-11-14,Texas Tech Red Raiders vs. Milwaukee Panthers,Texas Tech Red Raiders,Milwaukee Panthers,Texas Tech Red Raiders,63,80,True,-28.5,-27.0,0.452000757288194,0,-0.0718087665213298,-0.452000757288194,163.5,143,0.4849567874384211,0.5150432125615789,0,1,-0.0388527363711027,-0.0087663112479449,-0.4849567874384211,0.4849567874384211,,,1,0.0,,1,1,0,1
2025-11-14,Texas Tech Red Raiders vs. Milwaukee Panthers,Milwaukee Panthers,Milwaukee Panthers,Texas Tech Red Raiders,63,80,True,28.5,27.0,0.547999242711806,1,0.0241897189022821,0.452000757288194,163.5,143,0.4849567874384211,0.5150432125615789,0,1,-0.0388527363711027,-0.0087663112479449,-0.4849567874384211,0.4849567874384211,,,0,0.0,,1,1,0,1
2025-11-14,Illinois Fighting Illini vs. Colgate Raiders,Colgate Raiders,Colgate Raiders,Illinois Fighting Illini,65,84,True,28.5,28.0,0.5160342270972185,1,0.0038391051459989,0.48396577290278153,164.0,149,0.4849554499972073,0.5000013374412138,0,1,-0.0342753192335619,-0.02380818636831,-0.4849554499972073,0.4999986625587862,,,0,0.0,,0,1,0,0
2025-11-14,Illinois Fighting Illini vs. Colgate Raiders,Illinois Fighting Illini,Colgate Raiders,Illinois Fighting Illini,65,84,True,-28.5,-28.0,0.4839657729027816,0,-0.0509179480274509,-0.4839657729027816,164.0,149,0.4849554499972073,0.5000013374412138,0,1,-0.0342753192335619,-0.02380818636831,-0.4849554499972073,0.4999986625587862,,,1,0.0,,0,1,0,0
2025-11-14,North Carolina Tar Heels vs. North Carolina Central Eagles,North Carolina Tar Heels,North Carolina Central Eagles,North Carolina Tar Heels,53,97,True,-35.5,-34.0,0.452000757288194,1,-0.0718087665213298,0.547999242711806,160.5,150,0.4849567874384211,0.5150432125615789,0,1,-0.0342739817923481,-0.0087663112479449,-0.4849567874384211,0.4849567874384211,,,1,0.0,,0,1,0,1
2025-11-14,North Carolina Tar Heels vs. North Carolina Central Eagles,North Carolina Central Eagles,North Carolina Central Eagles,North Carolina Tar Heels,53,97,True,35.5,34.0,0.547999242711806,0,0.0241897189022821,-0.547999242711806,160.5,150,0.4849567874384211,0.5150432125615789,0,1,-0.0342739817923481,-0.0087663112479449,-0.4849567874384211,0.4849567874384211,,,0,0.0,,0,1,0,1
2025-11-14,Arkansas Razorbacks vs. Samford Bulldogs,Arkansas Razorbacks,Samford Bulldogs,Arkansas Razorbacks,75,79,True,-26.0,-25.0,0.4679574367889025,0,-0.052426256256661,-0.4679574367889025,161.5,154,0.4849567874384211,0.5150432125615789,0,1,-0.0388527363711027,-0.0087663112479449,-0.4849567874384211,0.4849567874384211,-20000.0,0.9744524472098552,1,-0.0205724284120354,0.025547552790144756,1,0,0,1
2025-11-14,Arkansas Razorbacks vs. Samford Bulldogs,Samford Bulldogs,Samford Bulldogs,Arkansas Razorbacks,75,79,True,26.0,25.0,0.5320425632110974,1,0.004855801981783,0.46795743678890256,161.5,154,0.4849567874384211,0.5150432125615789,0,1,-0.0388527363711027,-0.0087663112479449,-0.4849567874384211,0.4849567874384211,3500.0,0.0255475527901449,0,-0.0022302249876328,-0.0255475527901449,1,0,0,1
2025-11-15,UConn Huskies vs. BYU Cougars,UConn Huskies,BYU Cougars,UConn Huskies,84,86,True,-5.0,-4.5,0.4839657729027816,0,-0.0398437509067422,-0.4839657729027816,153.0,170,0.49222081404751,0.49222081404751,1,0,-0.0315887097620138,-0.0315887097620138,0.50777918595249,-0.49222081404751,-210.0,0.6399974339780236,1,-0.037421920860686,0.36000256602197644,0,0,0,0
2025-11-15,UConn Huskies vs. BYU Cougars,BYU Cougars,BYU Cougars,UConn Huskies,84,86,True,5.0,4.5,0.5160342270972185,1,-0.0077752967123053,0.48396577290278153,153.0,170,0.49222081404751,0.49222081404751,1,0,-0.0315887097620138,-0.0315887097620138,0.50777918595249,-0.49222081404751,170.0,0.3600025660219764,0,-0.0103678043483939,-0.3600025660219764,0,0,0,0
2025-11-15,Louisville Cardinals vs. Ohio Bobcats,Ohio Bobcats,Ohio Bobcats,Louisville Cardinals,81,106,True,31.5,29.5,0.5638787496655561,1,0.0400692258560322,0.43612125033444393,175.5,187,0.4549557989711987,0.5450442010288012,1,0,-0.0688537248383251,0.0212346772192774,0.5450442010288012,-0.5450442010288012,5000.0,0.0144580982214178,0,-0.005149744915837,-0.0144580982214178,0,0,0,0
2025-11-15,Louisville Cardinals vs. Ohio Bobcats,Louisville Cardinals,Ohio Bobcats,Louisville Cardinals,81,106,True,-31.5,-29.5,0.4361212503344439,0,-0.0876882734750799,-0.4361212503344439,175.5,187,0.4549557989711987,0.5450442010288012,1,0,-0.0688537248383251,0.0212346772192774,0.5450442010288012,-0.5450442010288012,-100000.0,0.985541901778582,1,-0.0134590972224168,0.01445809822141797,0,0,0,0
2025-11-15,St. John's Red Storm vs. William & Mary Tribe,St. John's Red Storm,William & Mary Tribe,St. John's Red Storm,60,93,True,-28.5,-27.5,0.4679574367889025,1,-0.0558520870206213,0.5320425632110974,177.5,153,0.4849567874384211,0.5150432125615789,0,1,-0.0388527363711027,-0.0087663112479449,-0.4849567874384211,0.4849567874384211,,,1,0.0,,0,0,0,0
2025-11-15,St. John's Red Storm vs. William & Mary Tribe,William & Mary Tribe,William & Mary Tribe,St. John's Red Storm,60,93,True,28.5,27.5,0.5320425632110974,0,0.0082330394015736,-0.5320425632110974,177.5,153,0.4849567874384211,0.5150432125615789,0,1,-0.0388527363711027,-0.0087663112479449,-0.4849567874384211,0.4849567874384211,,,0,0.0,,0,0,0,0
2025-11-15,Kansas Jayhawks vs. Princeton Tigers,Kansas Jayhawks,Princeton Tigers,Kansas Jayhawks,57,76,True,-23.5,-23.5,0.5,0,-0.0238095238095238,-0.5,146.5,133,0.5075229437220032,0.4924770562779967,0,1,-0.0162865800875205,-0.0313324675315271,-0.5075229437220032,0.5075229437220032,-10000.0,0.9716649453857986,1,-0.0184340645151914,0.028335054614201383,0,0,0,0
2025-11-15,Kansas Jayhawks vs. Princeton Tigers,Princeton Tigers,Princeton Tigers,Kansas Jayhawks,57,76,True,23.5,23.5,0.5,1,-0.0238095238095238,0.5,146.5,133,0.5075229437220032,0.4924770562779967,0,1,-0.0162865800875205,-0.0313324675315271,-0.5075229437220032,0.5075229437220032,2400.0,0.0283350546142014,0,-0.0116649453857985,-0.0283350546142014,0,0,0,0
2025-11-16,Auburn Tigers vs. Houston Cougars,Auburn Tigers,Houston Cougars,Auburn Tigers,73,72,True,6.5,6.5,0.5,1,-0.0121951219512195,0.5,138.5,145,0.5155554142940497,0.4844445857059503,1,0,-0.0127464724984031,-0.0347861835248189,0.4844445857059503,-0.4844445857059503,235.0,0.267984525592721,0,-0.0305229370938461,-0.267984525592721,0,0,0,0
2025-11-16,Auburn Tigers vs. Houston Cougars,Houston Cougars,Houston Cougars,Auburn Tigers,73,72,True,-6.5,-6.5,0.5,0,-0.0305164319248826,-0.5,138.5,145,0.5155554142940497,0.4844445857059503,1,0,-0.0127464724984031,-0.0347861835248189,0.4844445857059503,-0.4844445857059503,-305.0,0.7320154744072791,1,-0.0209203194008649,0.2679845255927209,0,0,0,0
2025-11-16,Purdue Boilermakers vs. Akron Zips,Akron Zips,Akron Zips,Purdue Boilermakers,79,97,True,20.0,18.5,0.547999242711806,1,0.0241897189022821,0.452000757288194,160.5,176,0.5075229437220032,0.4924770562779967,1,0,-0.0162865800875205,-0.0313324675315271,0.49247705627799676,-0.4924770562779967,1435.0,0.0711771222014924,0,0.0060510717813244,-0.0711771222014924,1,0,0,0
2025-11-16,Purdue Boilermakers vs. Akron Zips,Purdue Boilermakers,Akron Zips,Purdue Boilermakers,79,97,True,-20.0,-18.5,0.452000757288194,0,-0.0718087665213298,-0.452000757288194,160.5,176,0.5075229437220032,0.4924770562779967,1,0,-0.0162865800875205,-0.0313324675315271,0.49247705627799676,-0.4924770562779967,-4737.0,0.9288228777985076,1,-0.0505036354154737,0.07117712220149242,1,0,0,0
2025-11-16,Miami Hurricanes vs. Florida Gators,Florida Gators,Florida Gators,Miami Hurricanes,82,68,True,-10.5,-9.5,0.4679574367889025,1,-0.0535736636895663,0.5320425632110974,169.5,150,0.4624387191675257,0.5375612808324742,0,1,-0.0613708046419981,0.0137517570229503,-0.4624387191675257,0.46243871916752577,-560.0,0.7656024096385543,1,-0.0828824388462942,0.2343975903614457,1,1,0,0
2025-11-16,Miami Hurricanes vs. Florida Gators,Miami Hurricanes,Florida Gators,Miami Hurricanes,82,68,True,10.5,9.5,0.5320425632110974,0,0.0082330394015736,-0.5320425632110974,169.5,150,0.4624387191675257,0.5375612808324742,0,1,-0.0613708046419981,0.0137517570229503,-0.4624387191675257,0.46243871916752577,375.0,0.2343975903614458,0,0.0238712745719721,-0.2343975903614458,1,1,0,0
2025-11-17,Gonzaga Bulldogs vs. Southern Utah Thunderbirds,Southern Utah Thunderbirds,Southern Utah Thunderbirds,Gonzaga Bulldogs,50,122,True,35.5,34.5,0.5320425632110974,0,0.0082330394015736,-0.5320425632110974,160.5,172,0.4849567874384211,0.5150432125615789,1,0,-0.0388527363711027,-0.0087663112479449,0.5150432125615789,-0.5150432125615789,3300.0,0.0154244501570979,0,-0.0139873145487843,-0.0154244501570979,0,1,0,0
2025-11-17,Gonzaga Bulldogs vs. Southern Utah Thunderbirds,Gonzaga Bulldogs,Southern Utah Thunderbirds,Gonzaga Bulldogs,50,122,True,-35.5,-34.5,0.4679574367889025,1,-0.0558520870206213,0.5320425632110974,160.5,172,0.4849567874384211,0.5150432125615789,1,0,-0.0388527363711027,-0.0087663112479449,0.5150432125615789,-0.5150432125615789,-10000.0,0.984575549842902,1,-0.005523460058088,0.015424450157098035,0,1,0,0
2025-11-17,Iowa State Cyclones vs. Stonehill Skyhawks,Stonehill Skyhawks,Stonehill Skyhawks,Iowa State Cyclones,57,96,True,36.5,35.0,0.547999242711806,0,0.0230586251346088,-0.547999242711806,146.5,153,0.4924770562779967,0.5075229437220032,1,0,-0.0290540442004721,-0.0162865800875205,0.5075229437220032,-0.5075229437220032,,,0,0.0,,1,1,0,0
2025-11-17,Iowa State Cyclones vs. Stonehill Skyhawks,Iowa State Cyclones,Stonehill Skyhawks,Iowa State Cyclones,57,96,True,-36.5,-35.0,0.452000757288194,1,-0.0683829357573695,0.547999242711806,146.5,153,0.4924770562779967,0.5075229437220032,1,0,-0.0290540442004721,-0.0162865800875205,0.5075229437220032,-0.5075229437220032,,,1,0.0,,1,1,0,0
2025-11-17,Tennessee Volunteers vs. Rice Owls,Tennessee Volunteers,Rice Owls,Tennessee Volunteers,66,91,True,-27.25,-25.0,0.4328930850299983,0,-0.0909164387795255,-0.4328930850299983,142.5,157,0.5,0.5,1,0,-0.0238095238095238,-0.0238095238095238,0.5,-0.5,-13000.0,0.9733441417039,1,-0.0190222705098405,0.026655858296099955,1,0,0,0
2025-11-17,Tennessee Volunteers vs. Rice Owls,Rice Owls,Rice Owls,Tennessee Volunteers,66,91,True,27.25,25.0,0.5671069149700017,1,0.0432973911604778,0.43289308502999835,142.5,157,0.5,0.5,1,0,-0.0238095238095238,-0.0238095238095238,0.5,-0.5,3300.0,0.0266558582960998,0,-0.0027559064097824,-0.0266558582960998,1,0,0,0
2025-11-17,NC State Wolfpack vs. VCU Rams,NC State Wolfpack,VCU Rams,NC State Wolfpack,79,85,True,-12.5,-11.0,0.452000757288194,0,-0.0740655934227064,-0.452000757288194,166.0,164,0.454949140241253,0.5300717019062016,0,1,-0.0688603835682708,0.0062621780966777,-0.454949140241253,0.46992829809379844,-1000.0,0.841046511627907,1,-0.0680443974630021,0.158953488372093,0,0,0,1
2025-11-17,NC State Wolfpack vs. VCU Rams,VCU Rams,VCU Rams,NC State Wolfpack,79,85,True,12.5,11.0,0.547999242711806,1,0.0358041207605864,0.452000757288194,166.0,164,0.454949140241253,0.5300717019062016,0,1,-0.0688603835682708,0.0062621780966777,-0.454949140241253,0.46992829809379844,650.0,0.1589534883720929,0,0.0256201550387596,-0.1589534883720929,0,0,0,1
