run_timestamp,spread_games_added,total_games_added,total_spread_games,total_total_games
2025-11-12 03:43:56 UTC,4,0,4,0
2025-11-12 03:44:19 UTC,0,0,4,0
2025-11-12 04:07:15 UTC,1,1,14,5
2025-11-12 04:07:35 UTC,0,0,14,5
2025-11-12 05:05:30 UTC,2,0,16,5
2025-11-12 05:11:40 UTC,0,0,16,5
2025-11-12 05:16:29 UTC,0,0,16,5
2025-11-12 08:11:46 UTC,3,0,17,5
2025-11-12 20:06:08 UTC,3,0,17,5
2025-11-13 01:41:19 UTC,0,2,16,7
2025-11-13 01:50:02 UTC,0,2,16,7
2025-11-13 01:52:34 UTC,0,0,16,7
2025-11-13 01:55:56 UTC,0,0,16,7
2025-11-13 01:58:11 UTC,0,0,16,7
2025-11-13 02:24:12 UTC,0,0,16,7
2025-11-13 02:25:13 UTC,0,0,16,7
2025-11-13 08:11:18 UTC,0,0,16,7
2025-11-14 08:10:55 UTC,5,0,21,7
2025-11-14 20:06:24 UTC,8,0,24,7
2025-11-15 08:09:34 UTC,6,2,22,9
2025-11-16 08:09:37 UTC,1,0,17,7
2025-11-16 20:05:48 UTC,1,0,17,7
2025-11-17 08:12:04 UTC,3,0,19,7
2025-11-17 20:06:07 UTC,7,0,23,7
2025-11-18 08:11:22 UTC,1,0,17,7
2025-11-18 20:06:06 UTC,7,1,23,8
2025-11-19 08:10:58 UTC,0,0,16,7
2025-11-19 20:06:02 UTC,1,0,17,7
