Game,Game Time,Opening Odds Time,Team,total_category,market_spread,Consensus Spread,model_spread,Predicted Outcome,Spread Cover Probability,Opening Spread,Edge For Covering Spread,Opening Spread Edge,spread_barttorvik,spread_kenpom,spread_evanmiya,spread_hasla,Moneyline Win Probability,Opening Moneyline,Current Moneyline,Devigged Probability,Moneyline Edge,Opening Moneyline Edge,win_prob_barttorvik,win_prob_kenpom,win_prob_evanmiya,spread_category,market_total,model_total,average_total,Opening Total,theoddsapi_total,projected_total_barttorvik,projected_total_kenpom,projected_total_evanmiya,projected_total_hasla,Over Cover Probability,Under Cover Probability,Over Total Edge,Under Total Edge,Opening Over Edge,Opening Under Edge
Florida Gators vs. Alabama Crimson Tide,Feb 01 01:00PM ET,2026-01-31 19:50:17 UTC,Florida Gators,3,-7.5,-7.5,,,,-7.5,,-0.0348837209302325,-7.6,,-7.3,-6.3,0.7392602052174919,-305.0,-340,0.740871613663133,-0.03346706750978079,-0.0134744144020937,0.73,,0.748520410434984,2,175.5,,175.5,173.5,175.5,172.0,,172.267240667787,168.45,0.5,0.5,-0.023809523809523836,-0.023809523809523836,-0.0238095238095238,-0.0238095238095237
Furman Paladins vs. Chattanooga Mocs,Feb 01 01:00PM ET,2026-01-31 22:40:56 UTC,Furman Paladins,2,-8.0,-8.0,,,,-8.5,,-0.0125601400868317,-11.3,,-8.0,-9.7,0.8182551407538815,-395.0,-360,0.7495837069296786,0.03564644510170756,-0.0091801337128764,0.85,,0.786510281507763,2,144.5,,144.5,142.5,144.5,139.0,,143.739324961909,140.14999999999998,0.5,0.5,-0.02941176470588225,-0.01807228915662651,-0.0238095238095238,-0.0238095238095237
Furman Paladins vs. Chattanooga Mocs,Feb 01 01:00PM ET,2026-01-31 22:40:56 UTC,Chattanooga Mocs,2,8.0,8.0,,,,8.5,,-0.0349239137756772,11.3,,8.0,9.7,0.1817448592461185,310.0,282,0.2504162930703215,-0.08003524546592339,-0.041544503968283,0.15,,0.213489718492237,2,144.5,,144.5,142.5,144.5,139.0,,143.739324961909,140.14999999999998,0.5,0.5,-0.02941176470588225,-0.01807228915662651,-0.0238095238095238,-0.0238095238095237
Canisius Golden Griffins vs. Siena Saints,Feb 01 01:00PM ET,2026-01-31 22:40:56 UTC,Siena Saints,1,-8.5,-8.5,,,,-8.5,,-0.0575977031314335,-5.9,,-7.2,-7.6,0.7587677115609426,-440.0,-459,0.7869428981570726,-0.0623414118737623,-0.0971356721069541,0.75,,0.767535423121885,2,131.5,,131.5,131.5,131.5,126.0,,133.362776595459,130.79,0.5,0.5,-0.023809523809523836,-0.023809523809523725,-0.0348837209302325,-0.0121951219512195
Merrimack Warriors vs. Sacred Heart Pioneers,Feb 01 01:00PM ET,2026-01-31 22:40:56 UTC,Merrimack Warriors,3,-6.5,-6.5,,,,-6.5,,0.0076068438934584,-9.4,,-5.2,-8.4,0.759387448735015,,-290,0.7135512302607419,0.015797705145271346,0.0376498932500662,0.82,,0.69877489747003,2,146.0,,146.0,145.5,146.0,143.0,,144.710644852101,144.74,0.49222081404751,0.49222081404751,-0.031588709762013834,-0.031588709762013834,-0.0238095238095238,-0.0238095238095237
Merrimack Warriors vs. Sacred Heart Pioneers,Feb 01 01:00PM ET,2026-01-31 22:40:56 UTC,Sacred Heart Pioneers,3,6.5,6.5,,,,6.5,,-0.0574827184138827,9.4,,5.2,8.4,0.240612551264985,,235,0.2864487697392581,-0.05789491142158215,-0.0773324329326059,0.18,,0.30122510252997,2,146.0,,146.0,145.5,146.0,143.0,,144.710644852101,144.74,0.49222081404751,0.49222081404751,-0.031588709762013834,-0.031588709762013834,-0.0238095238095238,-0.0238095238095237
Maryland Terrapins vs. Purdue Boilermakers,Feb 01 01:00PM ET,2026-01-31 21:38:39 UTC,Purdue Boilermakers,3,-13.5,-13.5,,,,-14.5,,0.0082330394015736,-13.3,,-17.1,-15.9,0.9212545039412134,-1350.0,-1248,0.8878361186294684,-0.004561519797658953,-0.0104488391605841,0.89,,0.952509007882427,3,149.5,,149.5,150.5,149.5,147.0,,150.505634324081,150.24,0.5,0.5,-0.023809523809523725,-0.023809523809523836,-0.0238095238095237,-0.0238095238095238
Canisius Golden Griffins vs. Siena Saints,Feb 01 01:00PM ET,2026-01-31 22:40:56 UTC,Canisius Golden Griffins,1,8.5,8.5,,,,8.5,,-0.0064417057355615,5.9,,7.2,7.6,0.2412322884390575,340.0,350,0.2130571018429273,0.019010066216835292,0.0399928149640969,0.25,,0.232464576878115,2,131.5,,131.5,131.5,131.5,126.0,,133.362776595459,130.79,0.5,0.5,-0.023809523809523836,-0.023809523809523725,-0.0348837209302325,-0.0121951219512195
Florida Gators vs. Alabama Crimson Tide,Feb 01 01:00PM ET,2026-01-31 19:50:17 UTC,Alabama Crimson Tide,3,7.5,7.5,,,,7.5,,-0.0121951219512195,7.6,,7.3,6.3,0.26073979478250797,245.0,270,0.2591283863368669,-0.009530475487762313,-0.0312760158905052,0.27,,0.251479589565016,2,175.5,,175.5,173.5,175.5,172.0,,172.267240667787,168.45,0.5,0.5,-0.023809523809523836,-0.023809523809523836,-0.0238095238095238,-0.0238095238095237
Maryland Terrapins vs. Purdue Boilermakers,Feb 01 01:00PM ET,2026-01-31 21:38:39 UTC,Maryland Terrapins,3,13.5,13.5,,,,14.5,,-0.0558520870206213,13.3,,17.1,15.9,0.0787454960587862,800.0,755,0.1121638813705314,-0.03821356826869918,-0.0344016591782862,0.1099999999999999,,0.0474909921175725,3,149.5,,149.5,150.5,149.5,147.0,,150.505634324081,150.24,0.5,0.5,-0.023809523809523725,-0.023809523809523836,-0.0238095238095237,-0.0238095238095238
Rider Broncs vs. Saint Peter's Peacocks,Feb 01 02:00PM ET,2026-01-31 22:40:56 UTC,Rider Broncs,1,7.5,7.5,,,,8.5,,0.0108932112821685,6.1,,5.0,10.3,0.2843427729893775,,270,0.2590377625382729,0.014072502719107205,0.0344976442916454,0.26,,0.308685545978755,2,137.5,,137.5,136.5,137.5,130.0,,133.611150528176,133.95,0.5,0.5,-0.023809523809523836,-0.023809523809523836,-0.0348837209302325,-0.0121951219512196
Rider Broncs vs. Saint Peter's Peacocks,Feb 01 02:00PM ET,2026-01-31 22:40:56 UTC,Saint Peter's Peacocks,1,-7.5,-7.5,,,,-8.5,,-0.0674130154655241,-6.1,,-5.0,-10.3,0.7156572270106225,,-342,0.7409622374617271,-0.0580984290979748,-0.0844976442916455,0.74,,0.691314454021245,2,137.5,,137.5,136.5,137.5,130.0,,133.611150528176,133.95,0.5,0.5,-0.023809523809523836,-0.023809523809523836,-0.0348837209302325,-0.0121951219512196
UL Monroe Warhawks vs. Coastal Carolina Chanticleers,Feb 01 02:00PM ET,2026-02-01 01:42:30 UTC,UL Monroe Warhawks,3,9.5,9.5,8.3,9.0,0.5160342270972185,8.5,-0.022072008468601245,-0.0049504950495049,7.6,9.0,7.4,9.4,0.23590726207532395,,325,0.2252010723860589,0.0006131444282651277,-0.0019570294218051,0.2299999999999999,0.19,0.241814524150648,2,146.5,147.60999999999999,147.0,145.5,146.5,147.0,147.0,148.442666210414,148.82999999999998,0.50777918595249,0.49222081404751,-0.004415935998729359,-0.04266290688272251,-0.0193283066361826,-0.0277505362452692
Florida Atlantic Owls vs. East Carolina Pirates,Feb 01 02:00PM ET,2026-01-31 22:40:56 UTC,East Carolina Pirates,3,11.5,11.5,,,,11.5,,-0.0854098501440249,20.4,,13.9,17.0,0.0775530289099216,550.0,550,0.1475409836065574,-0.07629312493623225,-0.0393386833525935,0.06,,0.0951060578198432,3,152.5,,152.5,151.5,152.5,150.0,,151.330709296431,148.4,0.5,0.5,-0.023809523809523725,-0.023809523809523836,-0.0238095238095238,-0.0238095238095238
Niagara Purple Eagles vs. Marist Red Foxes,Feb 01 02:00PM ET,2026-01-31 22:40:56 UTC,Marist Red Foxes,1,-9.5,-9.5,,,,-9.5,,-0.0411773418834861,-8.1,,-7.0,-8.7,0.7897423820047269,-535.0,-535,0.8081570996978852,-0.05277730303464312,-0.0929353736533575,0.82,,0.759484764009454,2,130.5,,130.5,131.5,130.5,124.0,,128.396376722203,126.64,0.5,0.5,-0.012195121951219523,-0.0348837209302324,-0.0238095238095238,-0.0238095238095237
Niagara Purple Eagles vs. Marist Red Foxes,Feb 01 02:00PM ET,2026-01-31 22:40:56 UTC,Niagara Purple Eagles,1,9.5,9.5,,,,9.5,,-0.0120439466319201,8.1,,7.0,8.7,0.21025761799527298,400.0,400,0.1918429003021148,0.010257617995272972,0.0366693889986261,0.18,,0.240515235990546,2,130.5,,130.5,131.5,130.5,124.0,,128.396376722203,126.64,0.5,0.5,-0.012195121951219523,-0.0348837209302324,-0.0238095238095238,-0.0238095238095237
St. Thomas (MN) Tommies vs. UMKC Kangaroos,Feb 01 02:00PM ET,2026-01-31 22:40:56 UTC,UMKC Kangaroos,3,18.5,18.5,,,,18.5,,-0.0558520870206213,22.7,,16.8,21.4,0.047437358451209,,1400,0.06396255850234,-0.019229308215457666,-0.0002085516068957,0.04,,0.054874716902418,3,152.5,,152.5,152.5,152.5,151.0,,150.205744818139,150.0,0.5,0.5,-0.023809523809523725,-0.023809523809523836,-0.0121951219512195,-0.0348837209302324
St. Thomas (MN) Tommies vs. UMKC Kangaroos,Feb 01 02:00PM ET,2026-01-31 22:40:56 UTC,St. Thomas (MN) Tommies,3,-18.5,-18.5,,,,-18.5,,0.0082330394015736,-22.7,,-16.8,-21.4,0.952562641548791,,-4000,0.93603744149766,-0.023047114548769954,-0.0342526012753098,0.96,,0.945125283097582,3,152.5,,152.5,152.5,152.5,151.0,,150.205744818139,150.0,0.5,0.5,-0.023809523809523725,-0.023809523809523836,-0.0121951219512195,-0.0348837209302324
Fairfield Stags vs. Quinnipiac Bobcats,Feb 01 02:00PM ET,2026-01-31 22:40:56 UTC,Quinnipiac Bobcats,3,-1.5,-1.5,,,,-1.5,,-0.0238095238095238,,,-1.5,-0.9,0.5280476567759155,-118.0,-120,0.5217391304347826,-0.01740688867862994,-0.0173434406679129,0.5,,0.556095313551831,1,151.5,,151.5,151.5,151.5,155.0,,153.553332444965,150.75,0.5,0.5,-0.023809523809523725,-0.023809523809523836,-0.0348837209302325,-0.0121951219512195
Fairfield Stags vs. Quinnipiac Bobcats,Feb 01 02:00PM ET,2026-01-31 22:40:56 UTC,Fairfield Stags,3,1.5,1.5,,,,1.5,,-0.0433789954337899,-0.0,,1.5,0.9,0.4719523432240845,-102.0,-100,0.4782608695652174,-0.028047656775915475,-0.0281111047866324,0.5,,0.443904686448169,1,151.5,,151.5,151.5,151.5,155.0,,153.553332444965,150.75,0.5,0.5,-0.023809523809523725,-0.023809523809523836,-0.0348837209302325,-0.0121951219512195
UL Monroe Warhawks vs. Coastal Carolina Chanticleers,Feb 01 02:00PM ET,2026-02-01 01:42:30 UTC,Coastal Carolina Chanticleers,3,-9.5,-9.5,-8.3,-9.0,0.4839657729027816,-8.5,-0.024633735696726944,-0.0412844036697247,-7.6,-9.0,-7.4,-9.4,0.764092737924676,,-425,0.774798927613941,-0.04543107159913351,-0.0456620181972424,0.77,0.81,0.758185475849352,2,146.5,147.60999999999999,147.0,145.5,146.5,147.0,147.0,148.442666210414,148.82999999999998,0.50777918595249,0.49222081404751,-0.004415935998729359,-0.04266290688272251,-0.0193283066361826,-0.0277505362452692
Green Bay Phoenix vs. Wright St Raiders,Feb 01 02:00PM ET,2026-01-31 22:40:56 UTC,Wright St Raiders,2,-4.5,-4.5,,,,-4.5,,-0.032590123408397,-2.5,,-3.9,-3.1,0.6256638261365115,-192.0,-190,0.6301020408163266,-0.029508587656591923,-0.0350084022591248,0.6,,0.651327652273023,2,143.5,,143.5,144.5,143.5,143.0,,147.480056866094,144.66000000000005,0.5,0.5,-0.028301886792452713,-0.019230769230769162,-0.0348837209302325,-0.0121951219512195
Green Bay Phoenix vs. Wright St Raiders,Feb 01 02:00PM ET,2026-01-31 22:40:56 UTC,Green Bay Phoenix,2,4.5,4.5,,,,4.5,,-0.0147643004394973,2.5,,3.9,3.1,0.3743361738634885,160.0,160,0.3698979591836735,-0.01027921075189614,-0.0033670374594552,0.4,,0.348672347726977,2,143.5,,143.5,144.5,143.5,143.0,,147.480056866094,144.66000000000005,0.5,0.5,-0.028301886792452713,-0.019230769230769162,-0.0348837209302325,-0.0121951219512195
Mt. St. Mary's Mountaineers vs. Manhattan Jaspers,Feb 01 02:00PM ET,2026-01-31 22:40:56 UTC,Mt. St. Mary's Mountaineers,3,-6.5,-6.5,,,,-6.5,,-0.0215311004784688,-6.9,,-6.6,-6.6,0.743617319431892,-278.0,-275,0.7044334975369458,0.01028398609855874,0.0014945617103135,0.75,,0.737234638863784,2,148.5,,148.5,148.5,148.5,149.0,,150.96163242631,146.26,0.5,0.5,-0.023809523809523836,-0.023809523809523836,-0.0238095238095238,-0.0238095238095238
Florida Atlantic Owls vs. East Carolina Pirates,Feb 01 02:00PM ET,2026-01-31 22:40:56 UTC,Florida Atlantic Owls,3,-11.5,-11.5,,,,-11.5,,0.0378123989546556,-20.4,,-13.9,-17.0,0.9224469710900784,-800.0,-800,0.8524590163934427,0.03355808220118961,-0.0116417088042694,0.94,,0.904893942180157,3,152.5,,152.5,151.5,152.5,150.0,,151.330709296431,148.4,0.5,0.5,-0.023809523809523725,-0.023809523809523836,-0.0238095238095238,-0.0238095238095238
Mt. St. Mary's Mountaineers vs. Manhattan Jaspers,Feb 01 02:00PM ET,2026-01-31 22:40:56 UTC,Manhattan Jaspers,3,6.5,6.5,,,,6.5,,-0.0260663507109004,6.9,,6.6,6.6,0.256382680568108,225.0,225,0.2955665024630542,-0.05130962712419973,-0.0413669700037745,0.25,,0.262765361136216,2,148.5,,148.5,148.5,148.5,149.0,,150.96163242631,146.26,0.5,0.5,-0.023809523809523836,-0.023809523809523836,-0.0238095238095238,-0.0238095238095238
Kansas St Wildcats vs. Iowa State Cyclones,Feb 01 02:00PM ET,2026-01-31 21:38:39 UTC,Kansas St Wildcats,3,11.5,11.5,,,,11.5,,-0.0509179480274509,11.4,,13.1,14.6,0.134385237302941,500.0,500,0.159881569207994,-0.03228142936372566,-0.0146827132152053,0.16,,0.108770474605882,3,154.5,,154.5,154.5,154.5,159.0,,156.008157309315,153.07999999999998,0.5,0.5,-0.02941176470588236,-0.01807228915662651,-0.0238095238095238,-0.0238095238095238
Kansas St Wildcats vs. Iowa State Cyclones,Feb 01 02:00PM ET,2026-01-31 21:38:39 UTC,Iowa State Cyclones,3,-11.5,-11.5,,,,-11.5,,0.0038391051459989,-11.4,,-13.1,-14.6,0.865614762697059,-700.0,-705,0.8401184307920059,-0.01016163481846899,-0.0304677884570354,0.84,,0.891229525394118,3,154.5,,154.5,154.5,154.5,159.0,,156.008157309315,153.07999999999998,0.5,0.5,-0.02941176470588236,-0.01807228915662651,-0.0238095238095238,-0.0238095238095238
Colorado Buffaloes vs. TCU Horned Frogs,Feb 01 02:00PM ET,2026-01-31 21:38:39 UTC,Colorado Buffaloes,3,1.5,1.5,,,,1.5,,-0.0558520870206213,1.5,,2.4,2.1,0.4235748289734049,-108.0,-102,0.4837175490691341,-0.08137566607610003,-0.0668765776446215,0.4399999999999999,,0.40714965794681,1,153.5,,153.5,153.5,153.5,153.0,,153.906532530479,153.16,0.5,0.5,-0.01807228915662651,-0.02941176470588225,-0.0348837209302325,-0.0121951219512195
Colorado Buffaloes vs. TCU Horned Frogs,Feb 01 02:00PM ET,2026-01-31 21:38:39 UTC,TCU Horned Frogs,3,-1.5,-1.5,,,,-1.5,,0.0082330394015736,-1.5,,-2.4,-2.1,0.5764251710265951,-112.0,-117,0.5162824509308658,0.03725466411415268,0.0211249436576934,0.56,,0.59285034205319,1,153.5,,153.5,153.5,153.5,153.0,,153.906532530479,153.16,0.5,0.5,-0.01807228915662651,-0.02941176470588225,-0.0348837209302325,-0.0121951219512195
Penn State Nittany Lions vs. Minnesota Golden Gophers,Feb 01 02:00PM ET,2026-01-31 22:40:56 UTC,Minnesota Golden Gophers,2,-1.5,-1.5,,,,-1.5,,0.0193391868081053,-3.5,,-0.4,-2.2,0.577613750645007,-112.0,-116,0.5130257994357851,0.04057671360796988,0.0313720951069136,0.64,,0.515227501290014,1,142.5,,142.5,142.5,142.5,139.0,,142.329909593775,140.51,0.5,0.5,-0.0348837209302324,-0.012195121951219523,-0.0121951219512195,-0.0348837209302325
Penn State Nittany Lions vs. Minnesota Golden Gophers,Feb 01 02:00PM ET,2026-01-31 22:40:56 UTC,Penn State Nittany Lions,2,1.5,1.5,,,,1.5,,-0.0643629368362453,3.5,,0.4,2.2,0.422386249354993,-108.0,-104,0.4869742005642149,-0.08741767221363439,-0.076826640561459,0.36,,0.484772498709986,1,142.5,,142.5,142.5,142.5,139.0,,142.329909593775,140.51,0.5,0.5,-0.0348837209302324,-0.012195121951219523,-0.0121951219512195,-0.0348837209302325
Tulsa Golden Hurricane vs. Wichita St Shockers,Feb 01 02:00PM ET,2026-01-31 22:40:56 UTC,Wichita St Shockers,3,6.5,6.5,,,,6.5,,-0.0421005778081188,7.7,,7.3,8.1,0.23841531016634349,225.0,227,0.2931917300437992,-0.06739508738717331,-0.0646700146946075,0.24,,0.236830620332687,2,151.5,,151.5,151.5,151.5,153.0,,152.31078282931,152.82999999999998,0.5,0.5,-0.02941176470588236,-0.01807228915662651,-0.0348837209302324,-0.0121951219512195
Tulsa Golden Hurricane vs. Wichita St Shockers,Feb 01 02:00PM ET,2026-01-31 22:40:56 UTC,Tulsa Golden Hurricane,3,-6.5,-6.5,,,,-6.5,,-0.0054968733812503,-7.7,,-7.3,-8.1,0.7615846898336565,-278.0,-279,0.7068082699562008,0.02543693257771973,0.0247976064011467,0.76,,0.763169379667313,2,151.5,,151.5,151.5,151.5,153.0,,152.31078282931,152.82999999999998,0.5,0.5,-0.02941176470588236,-0.01807228915662651,-0.0348837209302324,-0.0121951219512195
Milwaukee Panthers vs. Cleveland St Vikings,Feb 01 03:00PM ET,2026-01-31 22:40:56 UTC,Cleveland St Vikings,3,8.0,8.0,,,,7.5,,-0.0215311004784688,6.5,,7.7,7.8,0.2600365936426055,295.0,297,0.2404450740994253,0.00814742487686243,-0.0090440873805405,0.29,,0.230073187285211,2,161.5,,161.5,161.5,161.5,162.0,,160.561175031875,158.13,0.5,0.5,-0.023809523809523836,-0.023809523809523725,-0.0121951219512195,-0.0348837209302324
Milwaukee Panthers vs. Cleveland St Vikings,Feb 01 03:00PM ET,2026-01-31 22:40:56 UTC,Milwaukee Panthers,3,-8.0,-8.0,,,,-7.5,,-0.0260663507109004,-6.5,,-7.7,-7.8,0.7399634063573945,-375.0,-387,0.7595549259005746,-0.05469778460769781,-0.0367225030084754,0.71,,0.769926812714789,2,161.5,,161.5,161.5,161.5,162.0,,160.561175031875,158.13,0.5,0.5,-0.023809523809523836,-0.023809523809523725,-0.0121951219512195,-0.0348837209302324
Oakland Golden Grizzlies vs. Northern Kentucky Norse,Feb 01 03:00PM ET,2026-01-31 22:40:56 UTC,Northern Kentucky Norse,3,5.5,5.5,,,,6.5,,-0.0562641121546896,8.0,,6.2,8.4,0.2631251412622825,210.0,212,0.3072786237762929,-0.05738767925053806,-0.0538422820368643,0.25,,0.276250282524565,2,166.5,,166.5,168.5,166.5,170.0,,163.897019875163,169.03,0.5,0.5,-0.023809523809523836,-0.023809523809523725,-0.0121951219512195,-0.0348837209302325
Oakland Golden Grizzlies vs. Northern Kentucky Norse,Feb 01 03:00PM ET,2026-01-31 22:40:56 UTC,Oakland Golden Grizzlies,3,-5.5,-5.5,,,,-6.5,,-0.0077752967123053,-8.0,,-6.2,-8.4,0.7368748587377175,-258.0,-259,0.6927213762237071,0.015426390771143716,0.0169759225898596,0.75,,0.723749717475435,2,166.5,,166.5,168.5,166.5,170.0,,163.897019875163,169.03,0.5,0.5,-0.023809523809523836,-0.023809523809523725,-0.0121951219512195,-0.0348837209302325
Memphis Tigers vs. Tulane Green Wave,Feb 01 03:00PM ET,2026-01-31 22:40:56 UTC,Memphis Tigers,3,-9.5,-9.5,,,,-9.5,,0.0059762125001969,-12.6,,-9.5,-12.2,0.8448295349103285,,-610,0.8226773226773227,-0.014325394667136226,-0.0226649270841521,0.87,,0.819659069820657,2,146.5,,146.5,146.5,146.5,139.0,,144.857624177941,142.53,0.5,0.5,-0.023809523809523836,-0.023809523809523836,-0.0471352545962554,-0.0004837930227922
Memphis Tigers vs. Tulane Green Wave,Feb 01 03:00PM ET,2026-01-31 22:40:56 UTC,Tulane Green Wave,3,9.5,9.5,,,,9.5,,-0.0535736636895663,12.6,,9.5,12.2,0.1551704650896715,,440,0.1773226773226773,-0.030014720095513675,-0.0344779300587049,0.13,,0.180340930179343,2,146.5,,146.5,146.5,146.5,139.0,,144.857624177941,142.53,0.5,0.5,-0.023809523809523836,-0.023809523809523836,-0.0471352545962554,-0.0004837930227922
Nebraska Cornhuskers vs. Illinois Fighting Illini,Feb 01 04:00PM ET,2026-01-31 20:24:43 UTC,Illinois Fighting Illini,3,1.5,1.5,,,,2.5,,-0.0348837209302325,2.8,,2.9,2.2,0.387617420743588,110.0,119,0.4383573276398033,-0.069003583822622,-0.0545119295072952,0.39,,0.385234841487176,1,150.5,,150.5,150.5,150.5,147.0,,146.079103204464,144.91,0.5,0.5,-0.023809523809523836,-0.023809523809523836,-0.0238095238095238,-0.0238095238095239
Nebraska Cornhuskers vs. Illinois Fighting Illini,Feb 01 04:00PM ET,2026-01-31 20:24:43 UTC,Nebraska Cornhuskers,3,-1.5,-1.5,,,,-2.5,,-0.0121951219512195,-2.8,,-2.9,-2.2,0.6123825792564119,-130.0,-141,0.5616426723601967,0.027320338592511484,0.0088594502264973,0.61,,0.614765158512824,1,150.5,,150.5,150.5,150.5,147.0,,146.079103204464,144.91,0.5,0.5,-0.023809523809523836,-0.023809523809523836,-0.0238095238095238,-0.0238095238095239
Wofford Terriers vs. East Tennessee St Buccaneers,Feb 01 07:00PM ET,2026-02-01 01:00:54 UTC,Wofford Terriers,3,2.5,2.5,0.6,1.5,0.5320425632110974,1.5,-0.011336432222692538,-0.0134119822434478,-0.8,2.0,0.8,-0.3,0.499971200766788,114.0,115,0.4451094071441929,0.03485492169702059,0.0348295709895901,0.53,0.45,0.469942401533576,1,149.5,148.36333333333334,149.0,149.5,149.5,149.0,150.0,149.570320261972,146.09,0.4914489286915362,0.5085510713084638,-0.043434792238696285,-0.0036440506427557473,-0.0434347922386962,-0.0036440506427557
Wofford Terriers vs. East Tennessee St Buccaneers,Feb 01 07:00PM ET,2026-02-01 01:00:54 UTC,East Tennessee St Buccaneers,3,-2.5,-2.5,-0.6,-1.5,0.4679574367889025,-1.5,-0.03699305826060245,-0.0369930582606024,0.8,-2.0,-0.8,0.3,0.500028799233212,-135.0,-138,0.554890592855807,-0.07980313353989732,-0.0797777828324667,0.47,0.55,0.530057598466424,1,149.5,148.36333333333334,149.0,149.5,149.5,149.0,150.0,149.570320261972,146.09,0.4914489286915362,0.5085510713084638,-0.043434792238696285,-0.0036440506427557473,-0.0434347922386962,-0.0036440506427557
Oregon Ducks vs. Iowa Hawkeyes,Feb 01 08:00PM ET,2026-01-31 21:38:39 UTC,Iowa Hawkeyes,1,-9.5,-9.5,,,,-9.5,,-0.0411773418834861,-6.3,,-10.3,-8.7,0.7991704226678875,-535.0,-565,0.8124188662916486,-0.050453637482488434,-0.0301879517071715,0.75,,0.848340845335775,2,133.5,,133.5,134.5,133.5,134.0,,136.453057098942,136.68,0.5,0.5,-0.023809523809523836,-0.023809523809523725,-0.0348837209302324,-0.0121951219512195
Oregon Ducks vs. Iowa Hawkeyes,Feb 01 08:00PM ET,2026-01-31 21:38:39 UTC,Oregon Ducks,1,9.5,9.5,,,,9.5,,-0.0064417057355615,6.3,,10.3,8.7,0.20082957733211249,400.0,410,0.1875811337083514,0.004751145959563469,-0.0150431200725726,0.25,,0.151659154664225,2,133.5,,133.5,134.5,133.5,134.0,,136.453057098942,136.68,0.5,0.5,-0.023809523809523836,-0.023809523809523725,-0.0348837209302324,-0.0121951219512195
Duquesne Dukes vs. Rhode Island Rams,Feb 01 12:00PM ET,2026-01-31 22:40:56 UTC,Duquesne Dukes,2,-2.0,-2.0,,,,-1.5,,-0.0103351366102637,-3.6,,-1.5,-3.3,0.5997139845632184,-135.0,-137,0.5544935721479493,0.021654912833260598,0.012009216861179,0.64,,0.559427969126437,1,144.5,,144.5,144.5,144.5,145.0,,148.152527058785,144.22,0.5,0.5,-0.026066350710900354,-0.021531100478468845,-0.0238095238095237,-0.0238095238095237
Duquesne Dukes vs. Rhode Island Rams,Feb 01 12:00PM ET,2026-01-31 22:40:56 UTC,Rhode Island Rams,2,2.0,2.0,,,,1.5,,-0.0372353176646142,3.6,,1.5,3.3,0.4002860154367815,114.0,115,0.4455064278520508,-0.06483026363298594,-0.049888004739967,0.36,,0.440572030873563,1,144.5,,144.5,144.5,144.5,145.0,,148.152527058785,144.22,0.5,0.5,-0.026066350710900354,-0.021531100478468845,-0.0238095238095237,-0.0238095238095237
Western Carolina Catamounts vs. Samford Bulldogs,Feb 01 12:00PM ET,2026-02-01 01:00:54 UTC,Western Carolina Catamounts,3,-1.5,-1.5,-4.95,-3.0,0.547999242711806,-1.5,0.03580412076058648,0.0241897189022822,-6.9,-3.0,-3.4,-2.6,0.6798325636078955,-118.0,-118,0.5173641257162701,0.1385481599381707,0.1186073950362262,0.73,0.6,0.629665127215791,1,154.5,155.37333333333333,155.0,154.5,154.5,157.0,155.0,155.909623341492,154.12,0.5085510713084638,0.4914489286915363,-0.01525845250105995,-0.032360595117987445,-0.0263326496217687,-0.0207461932596832
Western Carolina Catamounts vs. Samford Bulldogs,Feb 01 12:00PM ET,2026-02-01 01:00:54 UTC,Samford Bulldogs,3,1.5,1.5,4.95,3.0,0.452000757288194,1.5,-0.08288296364203851,-0.0718087665213298,6.9,3.0,3.4,2.6,0.32016743639210454,-102.0,-102,0.4826358742837298,-0.1847830586574004,-0.1654477970120395,0.27,0.4,0.370334872784209,1,154.5,155.37333333333333,155.0,154.5,154.5,157.0,155.0,155.909623341492,154.12,0.5085510713084638,0.4914489286915363,-0.01525845250105995,-0.032360595117987445,-0.0263326496217687,-0.0207461932596832
